epoch,time,train/box_loss,train/cls_loss,train/dfl_loss,metrics/precision(B),metrics/recall(B),metrics/mAP50(B),metrics/mAP50-95(B),val/box_loss,val/cls_loss,val/dfl_loss,lr/pg0,lr/pg1,lr/pg2
1,42.5936,1.35348,5.39661,0.93773,0,0,0,0,1.37826,4.52457,0.88676,4e-05,4e-05,0.09604
2,43.18,1.57533,5.27519,0.99509,0,0,0,0,1.23434,4.5028,0.87537,8.955e-05,8.955e-05,0.0910896
3,43.7635,1.42457,4.86513,0.91615,0,0,0,0,1.45607,4.44762,0.87178,0.0001386,0.0001386,0.0861386
4,44.329,1.39774,4.42493,0.897,0,0,0,0,1.42945,4.39359,0.85823,0.00018715,0.00018715,0.0811872
5,44.958,1.53428,3.74803,0.86327,0.00223,0.125,0.02488,0.01182,1.44084,4.36197,0.91182,0.0002352,0.0002352,0.0762352
6,45.5096,1.42945,3.46237,0.85415,5e-05,0.125,0.06219,0.04975,1.41127,4.36388,0.94587,0.00028275,0.00028275,0.0712828
7,46.0554,1.57249,3.40231,0.87794,0.00022,0.125,0.12437,0.08706,1.37896,4.34983,0.94543,0.0003298,0.0003298,0.0663298
8,46.5562,1.54931,3.20093,0.88043,0.00124,0.125,0.04146,0.03317,1.30294,4.30777,0.89526,0.00037635,0.00037635,0.0613764
9,47.0468,1.55074,2.60968,0.88104,0.00162,0.125,0.04146,0.03317,1.46231,4.26996,1.02242,0.0004224,0.0004224,0.0564224
10,47.6631,1.42522,2.73392,0.87592,0.00379,0.125,0.06219,0.03731,1.37901,4.18556,0.90414,0.00046795,0.00046795,0.051468
11,48.1922,1.42856,2.50336,0.87077,0.00543,0.125,0.12437,0.07462,1.3373,4.1169,0.87035,0.000513,0.000513,0.046513
12,48.7259,1.423,2.41315,0.86972,0.13636,0.1875,0.21813,0.15269,1.43229,4.0249,0.88858,0.00055755,0.00055755,0.0415576
13,49.2312,1.43307,2.37337,0.81883,0.25521,0.25481,0.30593,0.19219,1.45245,3.93338,0.89434,0.0006016,0.0006016,0.0366016
14,49.7101,1.2757,2.076,0.84344,0.25521,0.25481,0.30593,0.19219,1.45245,3.93338,0.89434,0.00064515,0.00064515,0.0316452
15,50.2797,1.23812,2.25727,0.84688,0.25694,0.32692,0.33953,0.22731,1.34213,3.8096,0.87779,0.000688201,0.000688201,0.0266882
16,50.7808,1.24635,1.95334,0.88768,0.21345,0.46154,0.38089,0.26247,1.3153,3.6411,0.87022,0.000730751,0.000730751,0.0217308
17,51.3092,1.31841,2.04149,0.85015,0.30222,0.52404,0.48897,0.33004,1.3575,3.56149,0.86592,0.000772801,0.000772801,0.0167728
18,51.794,1.36928,2.07046,0.84223,0.30222,0.52404,0.48897,0.33004,1.3575,3.56149,0.86592,0.000814351,0.000814351,0.0118144
19,52.2955,1.27342,1.76555,0.8361,0.27271,0.56731,0.48939,0.35321,1.28252,3.55849,0.85316,0.000855401,0.000855401,0.0068554
20,52.8682,1.42983,1.96504,0.84512,0.21349,0.57692,0.4796,0.3652,1.17696,3.3856,0.85294,0.000895951,0.000895951,0.00189595
21,53.3599,1.13129,1.75961,0.88088,0.21349,0.57692,0.4796,0.3652,1.17696,3.3856,0.85294,0.000900001,0.000900001,0.000900001
22,53.8909,1.28295,1.84583,0.86058,0.09249,0.71154,0.46044,0.35512,1.20214,2.97315,0.8636,0.000895001,0.000895001,0.000895001
23,54.3932,1.22271,1.76086,0.86636,0.12904,0.77404,0.50582,0.40822,1.19705,2.6326,0.86425,0.000890001,0.000890001,0.000890001
24,54.9435,1.16038,1.63799,0.8546,0.12904,0.77404,0.50582,0.40822,1.19705,2.6326,0.86425,0.000885001,0.000885001,0.000885001
25,55.4399,1.10889,2.02496,0.82468,0.90775,0.30524,0.58489,0.47815,1.22324,2.26473,0.86641,0.000880001,0.000880001,0.000880001
26,55.9268,1.15642,1.67338,0.83766,0.90775,0.30524,0.58489,0.47815,1.22324,2.26473,0.86641,0.000875001,0.000875001,0.000875001
27,56.426,1.23654,1.60979,0.85286,0.87107,0.31497,0.60011,0.48142,1.23293,2.02224,0.85912,0.000870001,0.000870001,0.000870001
28,56.9291,1.19513,1.60386,0.83295,0.68807,0.58523,0.6323,0.49263,1.23246,1.75227,0.86016,0.000865001,0.000865001,0.000865001
29,57.5173,1.21124,1.62628,0.89039,0.68807,0.58523,0.6323,0.49263,1.23246,1.75227,0.86016,0.000860001,0.000860001,0.000860001
30,58.0202,1.17398,1.53159,0.8546,0.73424,0.63923,0.65149,0.49803,1.25307,1.52178,0.87162,0.000855001,0.000855001,0.000855001
31,58.5486,1.23085,1.64833,0.83963,0.71825,0.67638,0.65664,0.4947,1.2617,1.38773,0.87921,0.000850002,0.000850002,0.000850002
32,59.0393,1.14018,1.48642,0.8381,0.71825,0.67638,0.65664,0.4947,1.2617,1.38773,0.87921,0.000845002,0.000845002,0.000845002
33,59.5435,1.30334,1.41339,0.81741,0.68004,0.67283,0.74947,0.54055,1.22346,1.32555,0.88408,0.000840002,0.000840002,0.000840002
34,60.1078,1.13825,1.58181,0.85307,0.68004,0.67283,0.74947,0.54055,1.22346,1.32555,0.88408,0.000835002,0.000835002,0.000835002
35,60.6194,1.10965,1.42689,0.86837,0.57354,0.65865,0.67213,0.48261,1.24833,1.39988,0.87427,0.000830002,0.000830002,0.000830002
36,61.1557,1.08534,1.29087,0.8626,0.61669,0.57788,0.62929,0.45638,1.31606,1.43462,0.87336,0.000825002,0.000825002,0.000825002
37,61.6697,1.12264,1.29263,0.84215,0.61669,0.57788,0.62929,0.45638,1.31606,1.43462,0.87336,0.000820002,0.000820002,0.000820002
38,62.1982,1.13872,1.45811,0.84136,0.74273,0.57353,0.64658,0.48242,1.30628,1.38853,0.86381,0.000815002,0.000815002,0.000815002
39,62.7942,1.14266,1.47053,0.8354,0.59898,0.64904,0.70238,0.51853,1.28409,1.31771,0.85094,0.000810002,0.000810002,0.000810002
40,63.2737,1.18007,1.30589,0.8605,0.59898,0.64904,0.70238,0.51853,1.28409,1.31771,0.85094,0.000805002,0.000805002,0.000805002
41,63.7842,1.0489,1.50987,0.82551,0.62599,0.69683,0.65365,0.51082,1.27075,1.27502,0.83882,0.000800002,0.000800002,0.000800002
42,64.2744,1.08634,1.34222,0.84477,0.62599,0.69683,0.65365,0.51082,1.27075,1.27502,0.83882,0.000795002,0.000795002,0.000795002
43,64.8648,0.99442,1.29715,0.80889,0.60233,0.70496,0.67266,0.48827,1.25377,1.28394,0.8311,0.000790002,0.000790002,0.000790002
44,65.3951,1.10226,1.32923,0.84775,0.53264,0.68436,0.63534,0.48487,1.27826,1.30878,0.83567,0.000785002,0.000785002,0.000785002
45,65.9177,1.09517,1.302,0.81972,0.53264,0.68436,0.63534,0.48487,1.27826,1.30878,0.83567,0.000780002,0.000780002,0.000780002
46,66.4175,1.13008,1.47732,0.82797,0.49889,0.67529,0.6334,0.49756,1.25368,1.36041,0.834,0.000775002,0.000775002,0.000775002
47,67.0195,1.03486,1.3881,0.8168,0.48052,0.66945,0.63786,0.49059,1.28894,1.3277,0.83812,0.000770002,0.000770002,0.000770002
48,67.5075,0.96679,1.20694,0.8072,0.48052,0.66945,0.63786,0.49059,1.28894,1.3277,0.83812,0.000765002,0.000765002,0.000765002
49,68.0018,1.04241,1.22649,0.81748,0.55831,0.63328,0.64717,0.51137,1.28401,1.2907,0.84324,0.000760002,0.000760002,0.000760002
50,68.4887,1.06231,1.21188,0.81663,0.55831,0.63328,0.64717,0.51137,1.28401,1.2907,0.84324,0.000755002,0.000755002,0.000755002
51,68.983,0.93956,1.14783,0.82098,0.55556,0.6954,0.64734,0.4971,1.22641,1.33005,0.83514,0.000750003,0.000750003,0.000750003
52,69.5627,1.06841,1.17843,0.81331,0.53377,0.69396,0.64103,0.50257,1.19229,1.30961,0.84147,0.000745003,0.000745003,0.000745003
53,70.0855,1.01908,1.21548,0.80675,0.53377,0.69396,0.64103,0.50257,1.19229,1.30961,0.84147,0.000740003,0.000740003,0.000740003
54,70.6181,1.04724,1.19544,0.83124,0.55907,0.56186,0.62978,0.48477,1.22808,1.37329,0.84581,0.000735003,0.000735003,0.000735003
55,71.1618,1.0575,1.28454,0.82888,0.53501,0.63899,0.64658,0.47453,1.21162,1.34931,0.85827,0.000730003,0.000730003,0.000730003
56,71.754,1.07277,1.15096,0.84353,0.53501,0.63899,0.64658,0.47453,1.21162,1.34931,0.85827,0.000725003,0.000725003,0.000725003
57,72.2946,1.02483,1.21669,0.86899,0.5275,0.67547,0.64818,0.50505,1.21349,1.36085,0.86239,0.000720003,0.000720003,0.000720003
58,72.8156,0.99063,1.0873,0.82723,0.5275,0.67547,0.64818,0.50505,1.21349,1.36085,0.86239,0.000715003,0.000715003,0.000715003
59,73.3493,1.01803,1.05683,0.83943,0.52138,0.70169,0.63291,0.50154,1.22136,1.35546,0.86248,0.000710003,0.000710003,0.000710003
60,73.8546,0.91567,1.08296,0.83398,0.58511,0.66113,0.66153,0.54279,1.15726,1.23505,0.84986,0.000705003,0.000705003,0.000705003
61,74.4492,1.10497,1.1622,0.83494,0.58511,0.66113,0.66153,0.54279,1.15726,1.23505,0.84986,0.000700003,0.000700003,0.000700003
62,74.9779,0.93479,1.04024,0.83544,0.5688,0.75478,0.66432,0.54295,1.13269,1.1755,0.83141,0.000695003,0.000695003,0.000695003
63,75.4846,0.98015,1.07207,0.84026,0.5973,0.82424,0.6664,0.52268,1.17716,1.10903,0.83109,0.000690003,0.000690003,0.000690003
64,75.9789,0.93819,1.10183,0.83986,0.5973,0.82424,0.6664,0.52268,1.17716,1.10903,0.83109,0.000685003,0.000685003,0.000685003
65,76.5692,1.08851,1.19874,0.83025,0.57557,0.84156,0.64799,0.5115,1.171,1.08077,0.83565,0.000680003,0.000680003,0.000680003
66,77.0659,0.99762,1.03769,0.83718,0.57557,0.84156,0.64799,0.5115,1.171,1.08077,0.83565,0.000675003,0.000675003,0.000675003
67,77.5738,0.92151,1.08784,0.82795,0.59077,0.84036,0.65433,0.50521,1.1261,1.05197,0.83712,0.000670003,0.000670003,0.000670003
68,78.1137,1.09038,1.10833,0.81595,0.56022,0.80851,0.65665,0.52129,1.14201,1.08384,0.83182,0.000665003,0.000665003,0.000665003
69,78.6398,0.99515,1.0299,0.80369,0.56022,0.80851,0.65665,0.52129,1.14201,1.08384,0.83182,0.000660003,0.000660003,0.000660003
70,79.2485,1.01812,1.13715,0.85314,0.55223,0.78708,0.65668,0.54227,1.19512,1.09846,0.82975,0.000655003,0.000655003,0.000655003
71,79.7573,0.98924,1.03539,0.79662,0.40557,0.77404,0.65484,0.51839,1.1899,1.10604,0.83083,0.000650003,0.000650003,0.000650003
72,80.2826,0.96247,1.02876,0.81767,0.40557,0.77404,0.65484,0.51839,1.1899,1.10604,0.83083,0.000645004,0.000645004,0.000645004
73,80.7841,0.92797,1.02874,0.84176,0.57427,0.62893,0.65385,0.5144,1.18297,1.07617,0.8349,0.000640004,0.000640004,0.000640004
74,81.276,0.93598,1.01834,0.8561,0.57427,0.62893,0.65385,0.5144,1.18297,1.07617,0.8349,0.000635004,0.000635004,0.000635004
75,81.8809,0.93921,0.9324,0.81435,0.58648,0.75728,0.68942,0.5506,1.14554,0.99351,0.82898,0.000630004,0.000630004,0.000630004
76,82.3961,0.94209,0.966,0.80925,0.55098,0.82614,0.66788,0.54547,1.06811,0.98263,0.82092,0.000625004,0.000625004,0.000625004
77,82.9207,0.93412,0.98096,0.83404,0.55098,0.82614,0.66788,0.54547,1.06811,0.98263,0.82092,0.000620004,0.000620004,0.000620004
78,83.4229,0.94111,0.98238,0.82084,0.76649,0.51509,0.65781,0.53564,1.05045,1.01594,0.81755,0.000615004,0.000615004,0.000615004
79,84.0192,0.95146,1.01216,0.851,0.6399,0.5282,0.64342,0.53749,1.04454,1.06609,0.81663,0.000610004,0.000610004,0.000610004
80,84.5137,0.87995,0.96874,0.85239,0.6399,0.5282,0.64342,0.53749,1.04454,1.06609,0.81663,0.000605004,0.000605004,0.000605004
81,85.0126,0.91337,0.9533,0.79746,0.62991,0.52604,0.63555,0.5313,1.06957,1.14335,0.8164,0.000600004,0.000600004,0.000600004
82,85.5126,0.89576,0.93068,0.82336,0.62991,0.52604,0.63555,0.5313,1.06957,1.14335,0.8164,0.000595004,0.000595004,0.000595004
83,86.0835,0.967,0.98016,0.83022,0.57324,0.67248,0.64375,0.5221,1.10884,1.17601,0.81605,0.000590004,0.000590004,0.000590004
84,86.5889,0.93973,0.94222,0.80143,0.58243,0.66833,0.65647,0.53527,1.15088,1.19369,0.82523,0.000585004,0.000585004,0.000585004
85,87.0802,0.89142,0.97565,0.81426,0.58243,0.66833,0.65647,0.53527,1.15088,1.19369,0.82523,0.000580004,0.000580004,0.000580004
86,87.5753,0.95571,0.95011,0.84471,0.62748,0.69063,0.61678,0.47693,1.18406,1.12932,0.83061,0.000575004,0.000575004,0.000575004
87,88.0736,1.03129,0.99568,0.83602,0.6079,0.62898,0.59206,0.45551,1.16502,1.08499,0.82914,0.000570004,0.000570004,0.000570004
88,88.6263,0.83539,0.96378,0.79351,0.6079,0.62898,0.59206,0.45551,1.16502,1.08499,0.82914,0.000565004,0.000565004,0.000565004
89,89.1256,0.80047,0.84905,0.80567,0.60086,0.63629,0.67125,0.53041,1.13094,1.05396,0.82096,0.000560004,0.000560004,0.000560004
90,89.6145,0.88741,0.88742,0.84131,0.60086,0.63629,0.67125,0.53041,1.13094,1.05396,0.82096,0.000555004,0.000555004,0.000555004
91,90.1184,0.93481,0.86886,0.84499,0.6087,0.63845,0.67945,0.55909,1.08362,1.02556,0.81669,0.000550005,0.000550005,0.000550005
92,90.6396,1.01838,0.95054,0.87746,0.65902,0.66762,0.68977,0.56602,1.07996,1.01517,0.8183,0.000545005,0.000545005,0.000545005
93,91.2062,0.84723,0.90412,0.81566,0.65902,0.66762,0.68977,0.56602,1.07996,1.01517,0.8183,0.000540005,0.000540005,0.000540005
94,91.7137,0.88545,0.92112,0.83843,0.64552,0.68696,0.68279,0.5369,1.10263,1.03634,0.82307,0.000535005,0.000535005,0.000535005
95,92.2157,0.87727,0.87408,0.81648,0.63734,0.704,0.68875,0.53904,1.10491,1.07523,0.82138,0.000530005,0.000530005,0.000530005
96,92.7026,0.91045,0.94558,0.83118,0.63734,0.704,0.68875,0.53904,1.10491,1.07523,0.82138,0.000525005,0.000525005,0.000525005
97,93.2015,0.87551,0.87956,0.81825,0.61746,0.71592,0.69497,0.54669,1.1085,1.10001,0.82278,0.000520005,0.000520005,0.000520005
98,93.7676,0.88057,0.82199,0.81066,0.61746,0.71592,0.69497,0.54669,1.1085,1.10001,0.82278,0.000515005,0.000515005,0.000515005
99,94.2655,0.89366,0.8793,0.81129,0.56473,0.77965,0.6749,0.53312,1.11345,1.08877,0.82193,0.000510005,0.000510005,0.000510005
100,94.7752,0.85797,0.87319,0.80264,0.57242,0.81445,0.68604,0.54084,1.10014,1.08622,0.82036,0.000505005,0.000505005,0.000505005
101,95.2617,0.912,0.85419,0.81209,0.57242,0.81445,0.68604,0.54084,1.10014,1.08622,0.82036,0.000500005,0.000500005,0.000500005
102,95.7811,0.88579,0.89822,0.83773,0.61262,0.83189,0.70557,0.55658,1.0948,1.05749,0.82013,0.000495005,0.000495005,0.000495005
103,96.4012,0.86427,0.89393,0.80719,0.63067,0.8413,0.70355,0.56114,1.093,1.03474,0.82004,0.000490005,0.000490005,0.000490005
104,96.8952,0.83172,0.85826,0.8135,0.63067,0.8413,0.70355,0.56114,1.093,1.03474,0.82004,0.000485005,0.000485005,0.000485005
105,97.3938,0.92556,0.86214,0.83473,0.64077,0.83401,0.70099,0.5882,1.07145,0.99609,0.81966,0.000480005,0.000480005,0.000480005
106,97.8948,0.83595,0.81124,0.79878,0.64077,0.83401,0.70099,0.5882,1.07145,0.99609,0.81966,0.000475005,0.000475005,0.000475005
107,98.5127,0.84449,0.77515,0.83211,0.67059,0.83497,0.70016,0.59653,1.05551,0.96062,0.81774,0.000470005,0.000470005,0.000470005
108,99.0562,0.88341,0.80795,0.82543,0.70391,0.82777,0.73112,0.62284,1.03089,0.93116,0.81262,0.000465005,0.000465005,0.000465005
109,99.5985,0.83983,0.80315,0.78555,0.70391,0.82777,0.73112,0.62284,1.03089,0.93116,0.81262,0.000460005,0.000460005,0.000460005
110,100.146,0.84281,0.80921,0.81437,0.71356,0.82667,0.73174,0.60704,1.05364,0.94414,0.80881,0.000455005,0.000455005,0.000455005
111,100.689,0.83932,0.9527,0.78174,0.71367,0.82914,0.73265,0.59464,1.10526,0.93361,0.81147,0.000450006,0.000450006,0.000450006
112,101.304,0.8804,0.80609,0.82558,0.71367,0.82914,0.73265,0.59464,1.10526,0.93361,0.81147,0.000445006,0.000445006,0.000445006
113,101.81,0.81078,0.79293,0.80941,0.69701,0.83537,0.7345,0.57119,1.11921,0.92282,0.81343,0.000440006,0.000440006,0.000440006
114,102.334,0.81937,0.80545,0.80583,0.69701,0.83537,0.7345,0.57119,1.11921,0.92282,0.81343,0.000435006,0.000435006,0.000435006
115,102.837,0.78121,0.76343,0.80679,0.69588,0.83486,0.70512,0.55068,1.14026,0.91782,0.81653,0.000430006,0.000430006,0.000430006
116,103.342,0.82971,0.79549,0.8084,0.70687,0.83622,0.70698,0.58295,1.12915,0.90473,0.81859,0.000425006,0.000425006,0.000425006
117,103.902,0.8199,0.78206,0.78877,0.70687,0.83622,0.70698,0.58295,1.12915,0.90473,0.81859,0.000420006,0.000420006,0.000420006
118,104.4,0.86946,0.76557,0.82644,0.71528,0.83482,0.70696,0.57286,1.09237,0.89494,0.81985,0.000415006,0.000415006,0.000415006
119,104.903,0.7922,0.78792,0.82701,0.71773,0.83105,0.70703,0.56705,1.09822,0.93107,0.8249,0.000410006,0.000410006,0.000410006
120,105.391,0.78238,0.71238,0.81528,0.71773,0.83105,0.70703,0.56705,1.09822,0.93107,0.8249,0.000405006,0.000405006,0.000405006
121,105.934,0.85435,0.78456,0.81066,0.71884,0.83087,0.70431,0.57581,1.09988,0.97239,0.82688,0.000400006,0.000400006,0.000400006
122,106.426,0.7206,0.72771,0.80992,0.71884,0.83087,0.70431,0.57581,1.09988,0.97239,0.82688,0.000395006,0.000395006,0.000395006
123,106.972,0.90148,0.77507,0.82558,0.69469,0.84061,0.72318,0.58522,1.10052,0.97548,0.8283,0.000390006,0.000390006,0.000390006
124,107.475,0.79106,0.75739,0.79613,0.67582,0.83654,0.78359,0.62398,1.10554,0.9842,0.82997,0.000385006,0.000385006,0.000385006
125,108.024,0.82532,0.76772,0.78825,0.67582,0.83654,0.78359,0.62398,1.10554,0.9842,0.82997,0.000380006,0.000380006,0.000380006
126,108.602,0.81262,0.86537,0.80259,0.66825,0.83654,0.71983,0.56791,1.10609,0.97471,0.82755,0.000375006,0.000375006,0.000375006
127,109.157,0.84742,0.75417,0.79333,0.6608,0.83654,0.79496,0.62105,1.1153,0.98864,0.82855,0.000370006,0.000370006,0.000370006
128,109.684,0.8464,0.76002,0.78284,0.6608,0.83654,0.79496,0.62105,1.1153,0.98864,0.82855,0.000365006,0.000365006,0.000365006
129,110.237,0.80335,0.75151,0.8289,0.65251,0.83654,0.7505,0.60711,1.11186,1.00015,0.82798,0.000360006,0.000360006,0.000360006
130,110.739,0.83115,0.75186,0.80471,0.65251,0.83654,0.7505,0.60711,1.11186,1.00015,0.82798,0.000355006,0.000355006,0.000355006
131,111.361,0.8074,0.74713,0.78702,0.65601,0.83654,0.75017,0.61115,1.10046,0.95441,0.82625,0.000350006,0.000350006,0.000350006
132,111.87,0.82764,0.76721,0.84444,0.68222,0.82916,0.82552,0.65223,1.11248,0.92147,0.82965,0.000345007,0.000345007,0.000345007
133,112.37,0.78957,0.72007,0.80356,0.68222,0.82916,0.82552,0.65223,1.11248,0.92147,0.82965,0.000340007,0.000340007,0.000340007
134,112.883,0.79534,0.7475,0.79911,0.66831,0.82209,0.8273,0.65691,1.10652,0.9019,0.82681,0.000335007,0.000335007,0.000335007
135,113.47,0.70981,0.72386,0.78946,0.65553,0.82542,0.76674,0.58839,1.11471,0.89467,0.82464,0.000330007,0.000330007,0.000330007
136,113.961,0.8479,0.78238,0.81611,0.65553,0.82542,0.76674,0.58839,1.11471,0.89467,0.82464,0.000325007,0.000325007,0.000325007
137,114.462,0.84006,0.87786,0.83303,0.8522,0.70414,0.75002,0.56009,1.137,0.88075,0.82657,0.000320007,0.000320007,0.000320007
138,114.946,0.77756,0.70545,0.81681,0.8522,0.70414,0.75002,0.56009,1.137,0.88075,0.82657,0.000315007,0.000315007,0.000315007
139,115.451,0.78015,0.76392,0.82733,0.87202,0.70311,0.76511,0.57822,1.1521,0.86858,0.82221,0.000310007,0.000310007,0.000310007
140,116.027,0.79559,0.75552,0.80234,0.88058,0.70534,0.75568,0.57192,1.1455,0.85926,0.82295,0.000305007,0.000305007,0.000305007
141,116.523,0.77462,0.70754,0.7939,0.88058,0.70534,0.75568,0.57192,1.1455,0.85926,0.82295,0.000300007,0.000300007,0.000300007
142,117.032,0.78289,0.74234,0.79901,0.87957,0.70708,0.75032,0.557,1.15653,0.85037,0.82306,0.000295007,0.000295007,0.000295007
143,117.573,0.78597,0.75998,0.84967,0.87683,0.71033,0.74612,0.56061,1.15421,0.85725,0.82533,0.000290007,0.000290007,0.000290007
144,118.095,0.76521,0.70061,0.78918,0.87683,0.71033,0.74612,0.56061,1.15421,0.85725,0.82533,0.000285007,0.000285007,0.000285007
145,118.675,0.74685,0.6903,0.83358,0.87246,0.71154,0.7497,0.5626,1.15063,0.86058,0.82446,0.000280007,0.000280007,0.000280007
146,119.176,0.71509,0.70119,0.82356,0.87246,0.71154,0.7497,0.5626,1.15063,0.86058,0.82446,0.000275007,0.000275007,0.000275007
147,119.68,0.88661,0.78108,0.83049,0.86168,0.71073,0.75605,0.57309,1.15911,0.87302,0.82527,0.000270007,0.000270007,0.000270007
148,120.18,0.81896,0.73534,0.83178,0.85576,0.70976,0.84889,0.64446,1.14033,0.87301,0.82733,0.000265007,0.000265007,0.000265007
149,120.724,0.78367,0.7549,0.82382,0.85576,0.70976,0.84889,0.64446,1.14033,0.87301,0.82733,0.000260007,0.000260007,0.000260007
150,121.327,0.82955,0.728,0.82614,0.69156,0.83654,0.91065,0.70535,1.13875,0.88109,0.82895,0.000255007,0.000255007,0.000255007
151,121.839,0.80983,0.71993,0.80594,0.74585,0.83654,0.90998,0.69435,1.14161,0.89645,0.82911,0.000250008,0.000250008,0.000250008
152,122.373,0.72196,0.70359,0.81317,0.74585,0.83654,0.90998,0.69435,1.14161,0.89645,0.82911,0.000245008,0.000245008,0.000245008
153,122.922,0.79564,0.77275,0.82853,0.76974,0.83654,0.8466,0.64473,1.1305,0.90426,0.82827,0.000240008,0.000240008,0.000240008
154,123.515,0.73718,0.66757,0.79444,0.76974,0.83654,0.8466,0.64473,1.1305,0.90426,0.82827,0.000235008,0.000235008,0.000235008
155,124.054,0.7829,0.699,0.83173,0.80005,0.83569,0.90646,0.71446,1.12935,0.9092,0.82569,0.000230008,0.000230008,0.000230008
156,124.575,0.76852,0.68271,0.81078,0.78971,0.83493,0.88429,0.70106,1.13222,0.94289,0.82277,0.000225008,0.000225008,0.000225008
157,125.104,0.76637,0.70925,0.80806,0.78971,0.83493,0.88429,0.70106,1.13222,0.94289,0.82277,0.000220008,0.000220008,0.000220008
158,125.62,0.78707,0.67954,0.80133,0.80025,0.83193,0.87276,0.6934,1.13466,0.95005,0.81948,0.000215008,0.000215008,0.000215008
159,126.228,0.77971,0.70941,0.82268,0.80112,0.82818,0.8581,0.69494,1.12768,0.95529,0.81965,0.000210008,0.000210008,0.000210008
160,126.73,0.82369,0.70497,0.80872,0.80112,0.82818,0.8581,0.69494,1.12768,0.95529,0.81965,0.000205008,0.000205008,0.000205008
161,127.269,0.69971,0.66823,0.80117,0.79565,0.82804,0.84356,0.68431,1.1184,0.92133,0.81889,0.000200008,0.000200008,0.000200008
162,127.779,0.7867,0.62013,0.81227,0.79565,0.82804,0.84356,0.68431,1.1184,0.92133,0.81889,0.000195008,0.000195008,0.000195008
163,128.318,0.82623,0.70223,0.83719,0.79624,0.82911,0.8436,0.67806,1.11467,0.91484,0.81817,0.000190008,0.000190008,0.000190008
164,128.903,0.81885,0.67829,0.80623,0.79777,0.83133,0.84344,0.67939,1.14175,0.94482,0.81586,0.000185008,0.000185008,0.000185008
165,129.436,0.72106,0.67634,0.80673,0.79777,0.83133,0.84344,0.67939,1.14175,0.94482,0.81586,0.000180008,0.000180008,0.000180008
166,129.981,0.80896,0.77742,0.80081,0.76018,0.83281,0.84456,0.67873,1.13161,0.93817,0.81572,0.000175008,0.000175008,0.000175008
167,130.515,0.68693,0.66386,0.80446,0.71593,0.83371,0.78246,0.63517,1.10776,0.90092,0.81644,0.000170008,0.000170008,0.000170008
168,131.008,0.78605,0.71227,0.8182,0.71593,0.83371,0.78246,0.63517,1.10776,0.90092,0.81644,0.000165008,0.000165008,0.000165008
169,131.612,0.69384,0.62824,0.79764,0.70399,0.83479,0.6996,0.56615,1.09357,0.88595,0.81219,0.000160008,0.000160008,0.000160008
170,132.106,0.69909,0.65744,0.79579,0.70399,0.83479,0.6996,0.56615,1.09357,0.88595,0.81219,0.000155008,0.000155008,0.000155008
171,132.616,0.85222,0.75602,0.78584,0.71241,0.83534,0.70043,0.5675,1.08662,0.87256,0.81015,0.000150009,0.000150009,0.000150009
172,133.156,0.74451,0.67247,0.81772,0.71287,0.83606,0.7112,0.56294,1.07167,0.85823,0.80929,0.000145009,0.000145009,0.000145009
173,133.688,0.71255,0.68577,0.79419,0.71287,0.83606,0.7112,0.56294,1.07167,0.85823,0.80929,0.000140009,0.000140009,0.000140009
174,134.262,0.7208,0.66062,0.7871,0.70797,0.83654,0.71578,0.56157,1.06106,0.85628,0.81027,0.000135009,0.000135009,0.000135009
175,134.763,0.71581,0.71295,0.7894,0.69832,0.83654,0.71666,0.5647,1.07282,0.86175,0.81082,0.000130009,0.000130009,0.000130009
176,135.267,0.7245,0.67431,0.82485,0.69832,0.83654,0.71666,0.5647,1.07282,0.86175,0.81082,0.000125009,0.000125009,0.000125009
177,135.771,0.76592,0.6777,0.79127,0.69293,0.83654,0.71877,0.57916,1.07744,0.84959,0.81287,0.000120009,0.000120009,0.000120009
178,136.343,0.70198,0.65301,0.78596,0.69293,0.83654,0.71877,0.57916,1.07744,0.84959,0.81287,0.000115009,0.000115009,0.000115009
179,136.877,0.73947,0.63753,0.81371,0.72633,0.8328,0.74028,0.5967,1.0782,0.84977,0.8134,0.000110009,0.000110009,0.000110009
180,137.432,0.7685,0.6736,0.78108,0.72165,0.83233,0.74,0.5972,1.07251,0.82997,0.81488,0.000105009,0.000105009,0.000105009
181,137.968,0.76652,0.65573,0.79719,0.72165,0.83233,0.74,0.5972,1.07251,0.82997,0.81488,0.000100009,0.000100009,0.000100009
182,138.518,0.70124,0.6474,0.7949,0.71456,0.83146,0.74002,0.59102,1.0732,0.81951,0.81493,9.5009e-05,9.5009e-05,9.5009e-05
183,139.146,0.72558,0.6808,0.78554,0.70845,0.83012,0.73687,0.59689,1.06194,0.82203,0.81419,9.00091e-05,9.00091e-05,9.00091e-05
184,139.677,0.60924,0.60462,0.80099,0.70845,0.83012,0.73687,0.59689,1.06194,0.82203,0.81419,8.50091e-05,8.50091e-05,8.50091e-05
185,140.224,0.6765,0.62221,0.8008,0.70118,0.83118,0.71611,0.57861,1.06365,0.82574,0.81421,8.00092e-05,8.00092e-05,8.00092e-05
186,141.242,0.70302,0.73642,0.7882,0.70118,0.83118,0.71611,0.57861,1.06365,0.82574,0.81421,7.50092e-05,7.50092e-05,7.50092e-05
187,141.798,0.65466,0.70982,0.78069,0.69503,0.83852,0.71779,0.5688,1.05863,0.81756,0.81483,7.00093e-05,7.00093e-05,7.00093e-05
188,142.451,0.73428,0.76715,0.80699,0.8892,0.66039,0.72304,0.57252,1.0726,0.80718,0.81634,6.50093e-05,6.50093e-05,6.50093e-05
189,142.982,0.67781,0.73472,0.80741,0.8892,0.66039,0.72304,0.57252,1.0726,0.80718,0.81634,6.00094e-05,6.00094e-05,6.00094e-05
190,143.533,0.68953,0.76591,0.7655,0.89337,0.6602,0.72218,0.57184,1.07943,0.79022,0.81577,5.50095e-05,5.50095e-05,5.50095e-05
191,144.08,0.69079,0.74488,0.79326,0.89284,0.66352,0.73298,0.5803,1.08919,0.79311,0.81631,5.00095e-05,5.00095e-05,5.00095e-05
192,144.692,0.80255,0.81937,0.84425,0.89284,0.66352,0.73298,0.5803,1.08919,0.79311,0.81631,4.50096e-05,4.50096e-05,4.50096e-05
193,145.228,0.68739,0.69165,0.77968,0.89332,0.66679,0.76302,0.59562,1.10567,0.79437,0.8146,4.00096e-05,4.00096e-05,4.00096e-05
194,145.76,0.61494,0.67973,0.81367,0.89332,0.66679,0.76302,0.59562,1.10567,0.79437,0.8146,3.50097e-05,3.50097e-05,3.50097e-05
195,146.303,0.65824,0.72699,0.77629,0.89288,0.66712,0.76375,0.58943,1.10527,0.80043,0.81436,3.00097e-05,3.00097e-05,3.00097e-05
